origen,destino,tipo
https://www.caminandootrosendero.cl/pages/recursos/entomofauna,https://www.caminandootrosendero.cl/pages/recursos/insectos-estudios-ambientales,recurso relacionado
https://www.caminandootrosendero.cl/pages/recursos/entomofauna,https://www.caminandootrosendero.cl/pages/recursos/aracnidos-estudios-ambientales,recurso relacionado
https://www.caminandootrosendero.cl/pages/recursos/entomofauna,https://www.caminandootrosendero.cl/pages/recursos/muestreo-entomofauna,recurso relacionado
https://www.caminandootrosendero.cl/pages/recursos/entomofauna,https://www.caminandootrosendero.cl/pages/recursos,hub
https://www.caminandootrosendero.cl/pages/recursos,https://www.caminandootrosendero.cl/pages/recursos/entomofauna,descubrimiento
https://www.caminandootrosendero.cl/pages/recursos/entomofauna,https://www.caminandootrosendero.cl/pages/servicios/linea-base-artropodos,servicio legacy
https://www.caminandootrosendero.cl/pages/recursos/entomofauna,https://www.caminandootrosendero.cl/pages/recursos/autores/luis-carrera-suarez,especialista documentado
https://www.caminandootrosendero.cl/pages/recursos/insectos-estudios-ambientales,https://www.caminandootrosendero.cl/pages/recursos/entomofauna,recurso relacionado
https://www.caminandootrosendero.cl/pages/recursos/insectos-estudios-ambientales,https://www.caminandootrosendero.cl/pages/recursos/muestreo-entomofauna,recurso relacionado
https://www.caminandootrosendero.cl/pages/recursos/insectos-estudios-ambientales,https://www.caminandootrosendero.cl/pages/recursos/aracnidos-estudios-ambientales,recurso relacionado
https://www.caminandootrosendero.cl/pages/recursos/insectos-estudios-ambientales,https://www.caminandootrosendero.cl/pages/recursos,hub
https://www.caminandootrosendero.cl/pages/recursos,https://www.caminandootrosendero.cl/pages/recursos/insectos-estudios-ambientales,descubrimiento
https://www.caminandootrosendero.cl/pages/recursos/insectos-estudios-ambientales,https://www.caminandootrosendero.cl/pages/servicios/linea-base-artropodos,servicio legacy
https://www.caminandootrosendero.cl/pages/recursos/insectos-estudios-ambientales,https://www.caminandootrosendero.cl/pages/recursos/autores/luis-carrera-suarez,especialista documentado
https://www.caminandootrosendero.cl/pages/recursos/aracnidos-estudios-ambientales,https://www.caminandootrosendero.cl/pages/recursos/entomofauna,recurso relacionado
https://www.caminandootrosendero.cl/pages/recursos/aracnidos-estudios-ambientales,https://www.caminandootrosendero.cl/pages/recursos/insectos-estudios-ambientales,recurso relacionado
https://www.caminandootrosendero.cl/pages/recursos/aracnidos-estudios-ambientales,https://www.caminandootrosendero.cl/pages/recursos/muestreo-entomofauna,recurso relacionado
https://www.caminandootrosendero.cl/pages/recursos/aracnidos-estudios-ambientales,https://www.caminandootrosendero.cl/pages/recursos,hub
https://www.caminandootrosendero.cl/pages/recursos,https://www.caminandootrosendero.cl/pages/recursos/aracnidos-estudios-ambientales,descubrimiento
https://www.caminandootrosendero.cl/pages/recursos/aracnidos-estudios-ambientales,https://www.caminandootrosendero.cl/pages/servicios/linea-base-artropodos,servicio legacy
https://www.caminandootrosendero.cl/pages/recursos/aracnidos-estudios-ambientales,https://www.caminandootrosendero.cl/pages/recursos/autores/luis-carrera-suarez,especialista documentado
https://www.caminandootrosendero.cl/pages/recursos/muestreo-entomofauna,https://www.caminandootrosendero.cl/pages/recursos/entomofauna,recurso relacionado
https://www.caminandootrosendero.cl/pages/recursos/muestreo-entomofauna,https://www.caminandootrosendero.cl/pages/recursos/insectos-estudios-ambientales,recurso relacionado
https://www.caminandootrosendero.cl/pages/recursos/muestreo-entomofauna,https://www.caminandootrosendero.cl/pages/recursos/aracnidos-estudios-ambientales,recurso relacionado
https://www.caminandootrosendero.cl/pages/recursos/muestreo-entomofauna,https://www.caminandootrosendero.cl/pages/recursos,hub
https://www.caminandootrosendero.cl/pages/recursos,https://www.caminandootrosendero.cl/pages/recursos/muestreo-entomofauna,descubrimiento
https://www.caminandootrosendero.cl/pages/recursos/muestreo-entomofauna,https://www.caminandootrosendero.cl/pages/servicios/linea-base-artropodos,servicio legacy
https://www.caminandootrosendero.cl/pages/recursos/muestreo-entomofauna,https://www.caminandootrosendero.cl/pages/recursos/autores/luis-carrera-suarez,especialista documentado
https://www.caminandootrosendero.cl/pages/recursos/macroinvertebrados-bentonicos,https://www.caminandootrosendero.cl/pages/recursos/macroinvertebrados-bioindicadores,recurso relacionado
https://www.caminandootrosendero.cl/pages/recursos/macroinvertebrados-bentonicos,https://www.caminandootrosendero.cl/pages/recursos/identificacion-taxonomica-macroinvertebrados,recurso relacionado
https://www.caminandootrosendero.cl/pages/recursos/macroinvertebrados-bentonicos,https://www.caminandootrosendero.cl/pages/recursos/entomofauna,recurso relacionado
https://www.caminandootrosendero.cl/pages/recursos/macroinvertebrados-bentonicos,https://www.caminandootrosendero.cl/pages/recursos,hub
https://www.caminandootrosendero.cl/pages/recursos,https://www.caminandootrosendero.cl/pages/recursos/macroinvertebrados-bentonicos,descubrimiento
https://www.caminandootrosendero.cl/pages/recursos/macroinvertebrados-bentonicos,https://www.caminandootrosendero.cl/pages/servicios/taxonomia-acuatica,servicio legacy
https://www.caminandootrosendero.cl/pages/recursos/macroinvertebrados-bentonicos,https://www.caminandootrosendero.cl/pages/recursos/autores/luis-carrera-suarez,especialista documentado
https://www.caminandootrosendero.cl/pages/recursos/macroinvertebrados-bioindicadores,https://www.caminandootrosendero.cl/pages/recursos/macroinvertebrados-bentonicos,recurso relacionado
https://www.caminandootrosendero.cl/pages/recursos/macroinvertebrados-bioindicadores,https://www.caminandootrosendero.cl/pages/recursos/identificacion-taxonomica-macroinvertebrados,recurso relacionado
https://www.caminandootrosendero.cl/pages/recursos/macroinvertebrados-bioindicadores,https://www.caminandootrosendero.cl/pages/recursos,hub
https://www.caminandootrosendero.cl/pages/recursos,https://www.caminandootrosendero.cl/pages/recursos/macroinvertebrados-bioindicadores,descubrimiento
https://www.caminandootrosendero.cl/pages/recursos/macroinvertebrados-bioindicadores,https://www.caminandootrosendero.cl/pages/servicios/taxonomia-acuatica,servicio legacy
https://www.caminandootrosendero.cl/pages/recursos/macroinvertebrados-bioindicadores,https://www.caminandootrosendero.cl/pages/recursos/autores/luis-carrera-suarez,especialista documentado
https://www.caminandootrosendero.cl/pages/recursos/identificacion-taxonomica-macroinvertebrados,https://www.caminandootrosendero.cl/pages/recursos/macroinvertebrados-bentonicos,recurso relacionado
https://www.caminandootrosendero.cl/pages/recursos/identificacion-taxonomica-macroinvertebrados,https://www.caminandootrosendero.cl/pages/recursos/macroinvertebrados-bioindicadores,recurso relacionado
https://www.caminandootrosendero.cl/pages/recursos/identificacion-taxonomica-macroinvertebrados,https://www.caminandootrosendero.cl/pages/recursos,hub
https://www.caminandootrosendero.cl/pages/recursos,https://www.caminandootrosendero.cl/pages/recursos/identificacion-taxonomica-macroinvertebrados,descubrimiento
https://www.caminandootrosendero.cl/pages/recursos/identificacion-taxonomica-macroinvertebrados,https://www.caminandootrosendero.cl/pages/servicios/taxonomia-acuatica,servicio legacy
https://www.caminandootrosendero.cl/pages/recursos/identificacion-taxonomica-macroinvertebrados,https://www.caminandootrosendero.cl/pages/recursos/autores/luis-carrera-suarez,especialista documentado
footer de las 16 páginas legacy,https://www.caminandootrosendero.cl/pages/recursos,única inserción autorizada
https://www.caminandootrosendero.cl/pages/recursos,https://www.caminandootrosendero.cl/pages/recursos/autores,directorio
https://www.caminandootrosendero.cl/pages/recursos/autores,https://www.caminandootrosendero.cl/pages/recursos/autores/luis-carrera-suarez,ficha
