url,file,estado,fecha_publicacion
https://www.caminandootrosendero.cl/pages/recursos,pages/recursos.html,implementado local; no desplegado,
https://www.caminandootrosendero.cl/pages/recursos/entomofauna,pages/recursos/entomofauna.html,implementado local; no desplegado,
https://www.caminandootrosendero.cl/pages/recursos/insectos-estudios-ambientales,pages/recursos/insectos-estudios-ambientales.html,implementado local; no desplegado,
https://www.caminandootrosendero.cl/pages/recursos/aracnidos-estudios-ambientales,pages/recursos/aracnidos-estudios-ambientales.html,implementado local; no desplegado,
https://www.caminandootrosendero.cl/pages/recursos/muestreo-entomofauna,pages/recursos/muestreo-entomofauna.html,implementado local; no desplegado,
https://www.caminandootrosendero.cl/pages/recursos/macroinvertebrados-bentonicos,pages/recursos/macroinvertebrados-bentonicos.html,implementado local; no desplegado,
https://www.caminandootrosendero.cl/pages/recursos/macroinvertebrados-bioindicadores,pages/recursos/macroinvertebrados-bioindicadores.html,implementado local; no desplegado,
https://www.caminandootrosendero.cl/pages/recursos/identificacion-taxonomica-macroinvertebrados,pages/recursos/identificacion-taxonomica-macroinvertebrados.html,implementado local; no desplegado,
https://www.caminandootrosendero.cl/pages/recursos/autores/luis-carrera-suarez,pages/recursos/autores/luis-carrera-suarez.html,implementado local; no desplegado,
https://www.caminandootrosendero.cl/pages/recursos/autores,pages/recursos/autores.html,implementado local; no desplegado,
